{
 "chain_iptm": [
  0.78,
  0.81,
  0.82,
  0.87,
  0.84
 ],
 "chain_pair_iptm": [
  [
   0.68,
   0.75,
   0.74,
   0.71,
   0.94
  ],
  [
   0.75,
   0.73,
   0.79,
   0.95,
   0.76
  ],
  [
   0.74,
   0.79,
   0.85,
   0.94,
   0.83
  ],
  [
   0.71,
   0.95,
   0.94,
   null,
   null
  ],
  [
   0.94,
   0.76,
   0.83,
   null,
   null
  ]
 ],
 "chain_pair_pae_min": [
  [
   0.76,
   1.22,
   1.2,
   2.7,
   1.0
  ],
  [
   1.15,
   0.76,
   1.15,
   1.01,
   2.79
  ],
  [
   1.06,
   1.09,
   0.76,
   1.97,
   3.55
  ],
  [
   null,
   null,
   null,
   null,
   null
  ],
  [
   null,
   null,
   null,
   null,
   null
  ]
 ],
 "chain_ptm": [
  0.68,
  0.73,
  0.85,
  null,
  null
 ],
 "fraction_disordered": 0.09,
 "has_clash": 0.0,
 "iptm": 0.79,
 "num_recycles": 10.0,
 "ptm": 0.85,
 "ranking_score": 0.84
}