{
 "chain_iptm": [
  0.79,
  0.81,
  0.83,
  0.87,
  0.85
 ],
 "chain_pair_iptm": [
  [
   0.68,
   0.75,
   0.74,
   0.72,
   0.94
  ],
  [
   0.75,
   0.74,
   0.79,
   0.96,
   0.76
  ],
  [
   0.74,
   0.79,
   0.85,
   0.94,
   0.84
  ],
  [
   0.72,
   0.96,
   0.94,
   null,
   null
  ],
  [
   0.94,
   0.76,
   0.84,
   null,
   null
  ]
 ],
 "chain_pair_pae_min": [
  [
   0.76,
   1.19,
   1.2,
   2.62,
   1.0
  ],
  [
   1.13,
   0.76,
   1.14,
   0.98,
   2.75
  ],
  [
   1.05,
   1.09,
   0.76,
   1.95,
   3.53
  ],
  [
   null,
   null,
   null,
   null,
   null
  ],
  [
   null,
   null,
   null,
   null,
   null
  ]
 ],
 "chain_ptm": [
  0.68,
  0.74,
  0.85,
  null,
  null
 ],
 "fraction_disordered": 0.1,
 "has_clash": 0.0,
 "iptm": 0.79,
 "num_recycles": 10.0,
 "ptm": 0.85,
 "ranking_score": 0.85
}