{
 "chain_iptm": [
  0.78,
  0.81,
  0.82,
  0.87,
  0.84
 ],
 "chain_pair_iptm": [
  [
   0.67,
   0.74,
   0.73,
   0.71,
   0.94
  ],
  [
   0.74,
   0.73,
   0.78,
   0.95,
   0.75
  ],
  [
   0.73,
   0.78,
   0.85,
   0.94,
   0.83
  ],
  [
   0.71,
   0.95,
   0.94,
   null,
   null
  ],
  [
   0.94,
   0.75,
   0.83,
   null,
   null
  ]
 ],
 "chain_pair_pae_min": [
  [
   0.76,
   1.23,
   1.21,
   2.7,
   1.01
  ],
  [
   1.17,
   0.76,
   1.15,
   1.01,
   2.87
  ],
  [
   1.07,
   1.1,
   0.76,
   1.99,
   3.61
  ],
  [
   null,
   null,
   null,
   null,
   null
  ],
  [
   null,
   null,
   null,
   null,
   null
  ]
 ],
 "chain_ptm": [
  0.67,
  0.73,
  0.85,
  null,
  null
 ],
 "fraction_disordered": 0.09,
 "has_clash": 0.0,
 "iptm": 0.78,
 "num_recycles": 10.0,
 "ptm": 0.84,
 "ranking_score": 0.84
}